[{"id":"6285742858312@s.whatsapp.net","fish":0},{"id":"6285600793871@s.whatsapp.net","fish":0},{"id":"6285700871480@s.whatsapp.net","fish":0},{"id":"6285727631507@s.whatsapp.net","fish":0},{"id":"6285226056859@s.whatsapp.net","fish":0},{"id":"6285876368973@s.whatsapp.net","fish":0},{"id":"6285643392726@s.whatsapp.net","fish":0},{"id":"6285867603570@s.whatsapp.net","fish":0},{"id":"6289666615556@s.whatsapp.net","fish":0},{"id":"6285727341138@s.whatsapp.net","fish":0},{"id":"62895415497664@s.whatsapp.net","fish":0},{"id":"6283139105820@s.whatsapp.net","fish":0},{"id":"6285878970732@s.whatsapp.net","fish":0},{"id":"6285701552455@s.whatsapp.net","fish":0},{"id":"6285741595027@s.whatsapp.net","fish":0},{"id":"6285743644915@s.whatsapp.net","fish":0},{"id":"6282328687712@s.whatsapp.net","fish":0},{"id":"6285773750763@s.whatsapp.net","fish":0},{"id":"6285779604705@s.whatsapp.net","fish":0},{"id":"6282118484275@s.whatsapp.net","fish":0},{"id":"6282111785203@s.whatsapp.net","fish":0},{"id":"6288232739101@s.whatsapp.net","fish":0},{"id":"6283116764135@s.whatsapp.net","fish":0},{"id":"6289689569971@s.whatsapp.net","fish":0},{"id":"6281262290573@s.whatsapp.net","fish":0},{"id":"6289637381628@s.whatsapp.net","fish":0},{"id":"6283131633983@s.whatsapp.net","fish":0},{"id":"6282133807375@s.whatsapp.net","fish":0},{"id":"6281262339320@s.whatsapp.net","fish":0},{"id":"6283898966833@s.whatsapp.net","fish":0},{"id":"6282184642419@s.whatsapp.net","fish":0},{"id":"6285746839404@s.whatsapp.net","fish":0},{"id":"62895411238610@s.whatsapp.net","fish":0},{"id":"6281261394551@s.whatsapp.net","fish":0},{"id":"6281943406216@s.whatsapp.net","fish":0},{"id":"6281371465614@s.whatsapp.net","fish":0},{"id":"6282278968060@s.whatsapp.net","fish":0},{"id":"6289502172186@s.whatsapp.net","fish":0},{"id":"6282281247751@s.whatsapp.net","fish":0},{"id":"6282117049287@s.whatsapp.net","fish":0},{"id":"6285866028195@s.whatsapp.net","fish":0},{"id":"6285850184494@s.whatsapp.net","fish":0},{"id":"6282278186745@s.whatsapp.net","fish":0},{"id":"6282319668077@s.whatsapp.net","fish":0},{"id":"6287833462942@s.whatsapp.net","fish":0},{"id":"6283853066350@s.whatsapp.net","fish":0},{"id":"6282368887903@s.whatsapp.net","fish":0},{"id":"6281919981712@s.whatsapp.net","fish":0},{"id":"6285859458975@s.whatsapp.net","fish":0},{"id":"628992678209@s.whatsapp.net","fish":0},{"id":"6289530974840@s.whatsapp.net","fish":0},{"id":"6281229359919@s.whatsapp.net","fish":0},{"id":"6281223031432@s.whatsapp.net","fish":0},{"id":"6282136739197@s.whatsapp.net","fish":0},{"id":"62895635756762@s.whatsapp.net","fish":0},{"id":"6285745973067@s.whatsapp.net","fish":0},{"id":"6287798647593@s.whatsapp.net","fish":0},{"id":"62895324108523@s.whatsapp.net","fish":0},{"id":"6285882271079@s.whatsapp.net","fish":0},{"id":"6289627021201@s.whatsapp.net","fish":0},{"id":"6281646869482@s.whatsapp.net","fish":0},{"id":"62895385811692@s.whatsapp.net","fish":0},{"id":"62895605187689@s.whatsapp.net","fish":0},{"id":"6285860665934@s.whatsapp.net","fish":0},{"id":"6281548363700@s.whatsapp.net","fish":0},{"id":"6287872623056@s.whatsapp.net","fish":0},{"id":"6289512422017@s.whatsapp.net","fish":82},{"id":"6282249398155@s.whatsapp.net","fish":1},{"id":"6285712513292@s.whatsapp.net","fish":0},{"id":"62857755373353@s.whatsapp.net","fish":0},{"id":"6285828741165@s.whatsapp.net","fish":0},{"id":"6289513081052@s.whatsapp.net","fish":0},{"id":"6281211036319@s.whatsapp.net","fish":0},{"id":"6285838172600@s.whatsapp.net","fish":0},{"id":"6283843956038@s.whatsapp.net","fish":0},{"id":"6282331664567@s.whatsapp.net","fish":0},{"id":"6288232814805@s.whatsapp.net","fish":0},{"id":"6283143266575@s.whatsapp.net","fish":0},{"id":"6281400705139@s.whatsapp.net","fish":0},{"id":"6282139086763@s.whatsapp.net","fish":0},{"id":"6282298483902@s.whatsapp.net","fish":0},{"id":"62895606097532@s.whatsapp.net","fish":0},{"id":"6289508428057@s.whatsapp.net","fish":19},{"id":"6282118017948@s.whatsapp.net","fish":0},{"id":"6281248784855@s.whatsapp.net","fish":0},{"id":"6285768482399@s.whatsapp.net","fish":0},{"id":"6285807405071@s.whatsapp.net","fish":0},{"id":"62895638939020@s.whatsapp.net","fish":0},{"id":"6285971771256@s.whatsapp.net","fish":0},{"id":"6289527525379@s.whatsapp.net","fish":0},{"id":"6281222545938@s.whatsapp.net","fish":0},{"id":"6283110035901@s.whatsapp.net","fish":0},{"id":"6285601059864@s.whatsapp.net","fish":0},{"id":"62895341795931@s.whatsapp.net","fish":0},{"id":"62882008420638@s.whatsapp.net","fish":0},{"id":"6287726088381@s.whatsapp.net","fish":0},{"id":"62882020804531@s.whatsapp.net","fish":0},{"id":"6289687768617@s.whatsapp.net","fish":0},{"id":"6289510342996@s.whatsapp.net","fish":0},{"id":"6285706414806@s.whatsapp.net","fish":0},{"id":"62882639198916@s.whatsapp.net","fish":0},{"id":"62887435869822@s.whatsapp.net","fish":0},{"id":"6285823361976@s.whatsapp.net","fish":0},{"id":"6282275161914@s.whatsapp.net","fish":0},{"id":"6289528979549@s.whatsapp.net","fish":0},{"id":"62895614033342@s.whatsapp.net","fish":0},{"id":"6285156028374@s.whatsapp.net","fish":0},{"id":"6283196320578@s.whatsapp.net","fish":0},{"id":"6281268935404@s.whatsapp.net","fish":0},{"id":"6283111922350@s.whatsapp.net","fish":0},{"id":"6285824503014@s.whatsapp.net","fish":0},{"id":"62882003100156@s.whatsapp.net","fish":0},{"id":"6282113945203@s.whatsapp.net","fish":0},{"id":"6281949956077@s.whatsapp.net","fish":0},{"id":"6283837734995@s.whatsapp.net","fish":0},{"id":"6289695920312@s.whatsapp.net","fish":0},{"id":"6283135535548@s.whatsapp.net","fish":0},{"id":"62895622412769@s.whatsapp.net","fish":0},{"id":"62895617095356@s.whatsapp.net","fish":0},{"id":"6283831945469@s.whatsapp.net","fish":0},{"id":"6283847262369@s.whatsapp.net","fish":0},{"id":"62895395236660@s.whatsapp.net","fish":0},{"id":"6285850213046@s.whatsapp.net","fish":0},{"id":"6283150502076@s.whatsapp.net","fish":0},{"id":"6282276758410@s.whatsapp.net","fish":0},{"id":"628979340223@s.whatsapp.net","fish":0},{"id":"6285973922975@s.whatsapp.net","fish":0},{"id":"6281325864543@s.whatsapp.net","fish":0},{"id":"6285796094731@s.whatsapp.net","fish":0},{"id":"6285706311235@s.whatsapp.net","fish":0},{"id":"6283115253726@s.whatsapp.net","fish":0},{"id":"6285641225753@s.whatsapp.net","fish":0},{"id":"6288983164109@s.whatsapp.net","fish":0},{"id":"6283194561177@s.whatsapp.net","fish":0},{"id":"6281228599963@s.whatsapp.net","fish":0},{"id":"6285757599544@s.whatsapp.net","fish":0},{"id":"62887436929930@s.whatsapp.net","fish":0},{"id":"6283155398445@s.whatsapp.net","fish":0},{"id":"6285757138070@s.whatsapp.net","fish":0},{"id":"6289528230560@s.whatsapp.net","fish":0},{"id":"6281953105505@s.whatsapp.net","fish":0},{"id":"6285784360362@s.whatsapp.net","fish":0},{"id":"6285691304150@s.whatsapp.net","fish":0},{"id":"6285813169658@s.whatsapp.net","fish":0},{"id":"6285715239730@s.whatsapp.net","fish":0},{"id":"6285817104096@s.whatsapp.net","fish":0},{"id":"6282176248157@s.whatsapp.net","fish":0},{"id":"6285865699812@s.whatsapp.net","fish":0},{"id":"6289506900688@s.whatsapp.net","fish":0},{"id":"6282329729182@s.whatsapp.net","fish":0},{"id":"62895635939086@s.whatsapp.net","fish":0},{"id":"6282135912213@s.whatsapp.net","fish":0},{"id":"62889897216271@s.whatsapp.net","fish":0},{"id":"6285712621432@s.whatsapp.net","fish":0},{"id":"6282252538068@s.whatsapp.net","fish":0},{"id":"6288297877862@s.whatsapp.net","fish":0},{"id":"62895365127150@s.whatsapp.net","fish":0},{"id":"6281460424668@s.whatsapp.net","fish":0},{"id":"628970271050@s.whatsapp.net","fish":0},{"id":"6283131164107@s.whatsapp.net","fish":0},{"id":"6283878455384@s.whatsapp.net","fish":0},{"id":"6281252419091@s.whatsapp.net","fish":0},{"id":"6285780490150@s.whatsapp.net","fish":0},{"id":"6285778200669@s.whatsapp.net","fish":0},{"id":"6285772176823@s.whatsapp.net","fish":0},{"id":"6281256384406@s.whatsapp.net","fish":0},{"id":"6288221630067@s.whatsapp.net","fish":0},{"id":"6285825220267@s.whatsapp.net","fish":0},{"id":"6287717877821@s.whatsapp.net","fish":0},{"id":"6289506046636@s.whatsapp.net","fish":0},{"id":"6285357686516@s.whatsapp.net","fish":0},{"id":"6285871173520@s.whatsapp.net","fish":0},{"id":"62882019892642@s.whatsapp.net","fish":0},{"id":"6285150929045@s.whatsapp.net","fish":0},{"id":"6287869975929@s.whatsapp.net","fish":0},{"id":"628875289209@s.whatsapp.net","fish":0},{"id":"6283876999143@s.whatsapp.net","fish":0},{"id":"6283870640516@s.whatsapp.net","fish":0},{"id":"6287889586706@s.whatsapp.net","fish":0},{"id":"6285771971248@s.whatsapp.net","fish":0},{"id":"62881022120970@s.whatsapp.net","fish":0},{"id":"6285774826592@s.whatsapp.net","fish":0},{"id":"62881026633190@s.whatsapp.net","fish":0},{"id":"6283143558106@s.whatsapp.net","fish":0},{"id":"6281916889203@s.whatsapp.net","fish":0},{"id":"6281374954135@s.whatsapp.net","fish":0},{"id":"6285175106460@s.whatsapp.net","fish":0},{"id":"6285795349441@s.whatsapp.net","fish":0},{"id":"6288989516131@s.whatsapp.net","fish":0},{"id":"62815432411902@s.whatsapp.net","fish":0},{"id":"6282280683309@s.whatsapp.net","fish":0},{"id":"6285722916589@s.whatsapp.net","fish":0},{"id":"6285821422033@s.whatsapp.net","fish":0},{"id":"6285654949754@s.whatsapp.net","fish":0},{"id":"6283894174246@s.whatsapp.net","fish":0},{"id":"62895630140094@s.whatsapp.net","fish":0},{"id":"6282319250644@s.whatsapp.net","fish":0},{"id":"6282174736344@s.whatsapp.net","fish":0},{"id":"6282229374402@s.whatsapp.net","fish":0},{"id":"62895326943154@s.whatsapp.net","fish":0},{"id":"6283829438728@s.whatsapp.net","fish":0},{"id":"6281320826783@s.whatsapp.net","fish":0},{"id":"6281373168541@s.whatsapp.net","fish":0},{"id":"6283151530051@s.whatsapp.net","fish":0},{"id":"6283128453054@s.whatsapp.net","fish":0},{"id":"62881011610340@s.whatsapp.net","fish":0},{"id":"6283165821212@s.whatsapp.net","fish":0},{"id":"6289508120135@s.whatsapp.net","fish":0},{"id":"6285777414017@s.whatsapp.net","fish":0},{"id":"12606872486@s.whatsapp.net","fish":0},{"id":"6285171226069@s.whatsapp.net","fish":0},{"id":"6287740175435@s.whatsapp.net","fish":0},{"id":"6285811390863@s.whatsapp.net","fish":0},{"id":"62895392978463@s.whatsapp.net","fish":0},{"id":"2348108395270@s.whatsapp.net","fish":0},{"id":"6281365588199@s.whatsapp.net","fish":0},{"id":"6281244710950@s.whatsapp.net","fish":0},{"id":"6281357385692@s.whatsapp.net","fish":0},{"id":"6287847440998@s.whatsapp.net","fish":0},{"id":"6283129240927@s.whatsapp.net","fish":0},{"id":"6285198885863@s.whatsapp.net","fish":0},{"id":"6285932865503@s.whatsapp.net","fish":0},{"id":"62858760591358@s.whatsapp.net","fish":0},{"id":"6283160412375@s.whatsapp.net","fish":0},{"id":"6282288242650@s.whatsapp.net","fish":0},{"id":"6283845990931@s.whatsapp.net","fish":0},{"id":"6281295956429@s.whatsapp.net","fish":0},{"id":"6285214192793@s.whatsapp.net","fish":0},{"id":"6283135001012@s.whatsapp.net","fish":0},{"id":"6285703304393@s.whatsapp.net","fish":0},{"id":"6285732836452@s.whatsapp.net","fish":0},{"id":"6282296988162@s.whatsapp.net","fish":0},{"id":"6282196490329@s.whatsapp.net","fish":0},{"id":"62887436104097@s.whatsapp.net","fish":0},{"id":"6285869164155@s.whatsapp.net","fish":0},{"id":"6283872614230@s.whatsapp.net","fish":0},{"id":"6285754411405@s.whatsapp.net","fish":0},{"id":"62882022533036@s.whatsapp.net","fish":0},{"id":"6285774970145@s.whatsapp.net","fish":0},{"id":"6282119452429@s.whatsapp.net","fish":0},{"id":"6282142108243@s.whatsapp.net","fish":0},{"id":"628895898810@s.whatsapp.net","fish":0},{"id":"6285817008644@s.whatsapp.net","fish":0},{"id":"212722346798@s.whatsapp.net","fish":0},{"id":"6281329839397@s.whatsapp.net","fish":0},{"id":"6283152699245@s.whatsapp.net","fish":0},{"id":"6289531130578@s.whatsapp.net","fish":0},{"id":"6282121015252@s.whatsapp.net","fish":0},{"id":"6283198320951@s.whatsapp.net","fish":0},{"id":"6285710908421@s.whatsapp.net","fish":0},{"id":"6289509358566@s.whatsapp.net","fish":0},{"id":"6288226744149@s.whatsapp.net","fish":0},{"id":"6288985150494@s.whatsapp.net","fish":0},{"id":"6281382415830@s.whatsapp.net","fish":0},{"id":"6285269903457@s.whatsapp.net","fish":0},{"id":"6285643392266@s.whatsapp.net","fish":0},{"id":"6289687694728@s.whatsapp.net","fish":0},{"id":"6285727695765@s.whatsapp.net","fish":0},{"id":"6288227515514@s.whatsapp.net","fish":0},{"id":"6285895092099@s.whatsapp.net","fish":0},{"id":"6282340537393@s.whatsapp.net","fish":0},{"id":"6283878455393@s.whatsapp.net","fish":0},{"id":"6289637961797@s.whatsapp.net","fish":0},{"id":"6281233514801@s.whatsapp.net","fish":0},{"id":"628819732302@s.whatsapp.net","fish":0},{"id":"6282220825476@s.whatsapp.net","fish":0},{"id":"6282169613091@s.whatsapp.net","fish":0},{"id":"6285183136603@s.whatsapp.net","fish":0},{"id":"6285179836603@s.whatsapp.net","fish":0}]